{
  "triggers": [],
  "properties": {},
  "tags": [],
  "_links": "{}",
  "jobAuthorizationScope": "projectCollection",
  "jobTimeoutInMinutes": 60,
  "jobCancelTimeoutInMinutes": 5,
  "process": {
    "yamlFilename": "azure-pipelines.yml",
    "type": 2
  },
  "repository": {
    "properties": {
      "cloneUrl": "https://JuneBoston@dev.azure.com/JuneBoston/Sirius%20Immersion%20Days%20-%20Azure%20DevOps/_git/Sirius%20Immersion%20Days%20-%20Azure%20DevOps",
      "fullName": "Sirius Immersion Days - Azure DevOps",
      "defaultBranch": "refs/heads/master",
      "isFork": "False",
      "safeRepository": "3c81fb5f-0cc0-4c5f-a056-ba529353543c",
      "reportBuildStatus": "true"
    },
    "id": "3c81fb5f-0cc0-4c5f-a056-ba529353543c",
    "type": "TfsGit",
    "name": "Sirius Immersion Days - Azure DevOps",
    "url": "https://$Organization$@dev.azure.com/$Organization$/$ProjectName$/_git/Sirius%20Immersion%20Days%20-%20Azure%20DevOps",
    "defaultBranch": "refs/heads/master",
    "clean": null,
    "checkoutSubmodules": false
  },
  "quality": "definition",
  "authoredBy": "{}",
  "drafts": [],
  "queue": {
    "_links": {
      "self": {
        "href": "https://dev.azure.com/$Organization$/_apis/build/Queues/$Hosted Ubuntu 1604$"
      }
    },
    "id": "$Hosted Ubuntu 1604$",
    "name": "Hosted Ubuntu 1604",
    "url": "https://dev.azure.com/$Organization$/_apis/build/Queues/$Hosted Ubuntu 1604$",
    "pool": {
      "id": "",
      "name": "Hosted Ubuntu 1604",
      "isHosted": true
    }
  },
  "id": "",
  "name": "Sirius Immersion Days - Azure DevOps",
  "url": "",
  "uri": "",
  "path": "\\",
  "type": "build",
  "queueStatus": "enabled",
  "revision": 1,
  "createdDate": "",
  "project": "{}"
}